,stock,value
0,BP,167.593333
1,CVX,150.7043276
2,SNP,276.371899
3,ET,251.1011319
4,PTR,210.4734618
5,PSX,186.1234811
