,stock,growth
0,GOOG,316.6310279
1,AAPL,323.0420897
2,DXC,429.7885126
3,FB,372.7735441
4,NVDA,368.4416279
5,QCOM,505.1918912
