,stock,value
0,BIDU,229.1951021
1,DXC,155.957077
2,GRPN,129.5320852
3,NVDA,136.7633758
4,SOHU,133.6054686
5,XRX,228.9234657
