,stock,growth
0,DLR,145.8885733
1,PSA,218.0295343
2,GEO,371.7712084
