,stock,value
0,ANET,181.4176002
1,T,239.8004769
2,BCE,115.7609311
3,CMCSA,97.15681851
4,GOGO,95.8956404
5,VZ,133.2550965
