,stock,growth
0,CMCSA,206.7603756
1,VOD,105.7433247
