,stock,value
0,D,48.95117119
1,NFG,97.7377593
2,SRE,63.1145803
3,SVT,111.3555677
4,SO,85.49888524
5,UGI,143.8782953
