,stock,growth
0,CTVA,232.3116623
1,FIZZ,378.9373254
