,stock,growth
0,AZN,291.7610247
1,GMAB,554.9014997
2,ILMN,219.7318113
3,IQV,196.815211
4,VYNT,281.4884355
