,stock,value
0,BMY,216.175204
1,CPRX,192.7307855
2,ENDP,472.3863476
3,GMAB,188.1282661
4,GILD,168.8930796
5,MDC,286.0459055
6,TEVA,372.366119
