,stock,growth
0,ACH,612.1263415
1,FCX,331.696179
2,NTIC,227.6390056
3,KWR,220.592873
4,RGLD,238.4067339
