,stock,value
0,CHNR,171.0263791
1,FFHL,287.3752447
2,NP,171.7192672
3,PKX,129815.5205
4,RIO,184.7928311
5,X,195.7157601
